,Unnamed: 0,Unnamed: 1,CaO,Al2O3,SiO2,Density (g·cm-3),Tg (°C),Thermal expansion (×10-6/°C),Hardness (GPa),Young’s modulus (GPa),fnet1,Fnet_SBS,Fnet_BSdm,Fnet_BSdc,Fnet_EF,Fnet_SBS/Tm,Fnet_BSdm/Tm,Fnet_BSdc/Tm,Fnet_EF/Tm,Fnet_SBS2,Fnet_BSdm2,Fnet_BSdc2,Fnet_EF2,Fnet_SBS/Tm2,Fnet_BSdm/Tm2,Fnet_BSdc/Tm2,Fnet_EF/Tm2
0,Takahashi [40],1,61.0,29.0,10.0,2.92,853.0,8.7,,,2441.0443034790696,2441.0443034790696,4130.642418604651,1809.393070387597,771.2375392248063,1.0564395794852715,1.7754151069767443,0.7664547472868217,0.3238116713178295,3772.185421395349,7168.148837209302,3936.739968992248,1311.5797829457365,1.5906880396899228,2.962407441860465,1.5697091472868216,0.5265513178294573
1,,2,53.0,37.0,10.0,2.9,881.0,7.7,,,3202.3292687532844,3202.3292687532844,5354.7734,2274.0605481751822,1013.508801459854,1.3866181084496352,2.3056734335766422,0.9675500788321166,0.42729444671532846,4087.764335182482,7439.4545985401455,3777.864817518248,1390.8140145985403,1.7366605150364967,3.1092178102189783,1.5288239416058391,0.5675410218978102
2,,3,45.0,45.0,10.0,2.87,883.0,6.5,,,3821.729543062069,3821.729543062069,6312.599365517241,2594.4798565517235,1208.7044855172412,1.6563772132413794,2.7245821103448273,1.110244165517241,0.5117863172413794,4371.327779310344,7685.001379310344,3637.704275862069,1462.222344827586,1.8677433710344828,3.241653793103448,1.492984827586207,0.604408275862069
3,,4,40.0,50.0,10.0,2.78,,,,,4111.17480224,4111.17480224,6742.04956,2717.22694,1298.2578,1.7831424755200003,2.9147456800000002,1.1673985599999999,0.55110944,4509.147008,7771.738666666667,3522.1946666666663,1491.9733333333334,1.9331865173333336,3.2969226666666667,1.459552,0.621248
4,,5,35.0,55.0,10.0,2.98,,,,,4430.122423329032,4430.122423329032,7202.469219354839,2829.421974193548,1402.8880000000001,1.9216542301161288,3.116901770967742,1.2196492193548385,0.5971899741935484,4699.9546838709675,7972.827096774193,3480.2691612903222,1545.0028387096775,2.0195952051612904,3.3962729032258063,1.4533148387096773,0.6470529032258063
5,,6,55.0,26.0,19.0,2.92,855.0,8.3,,,2755.858344761905,2755.858344761905,4699.265190476191,2156.7626904761905,766.5889047619048,1.2165219085714287,2.067387619047619,0.9445723809523808,0.3227247619047619,4045.5162412698414,7644.331746031746,4257.730793650793,1225.4107936507937,1.7492805904761906,3.249448412698413,1.76045873015873,0.4930888888888889
6,,7,47.5,33.5,19.0,2.88,872.0,7.4,,,3490.1929011235957,3490.1929011235957,5890.385681647939,2631.223219850187,981.9413835205993,1.5391413149363296,2.5913836254681644,1.154820404494382,0.414883415730337,4327.070861423221,7866.319850187266,4080.709962546816,1303.879850187266,1.8780377617977528,3.369595131086142,1.7080352059925092,0.5333468164794007
7,,8,39.0,39.0,22.0,2.85,863.0,6.3,,,4121.287848103597,4121.287848103597,6904.157421582733,3047.4022359712226,1125.1171856115106,1.8264217980086332,3.0584858330935245,1.3533763856115106,0.47752275107913666,4636.449933812949,8186.313956834531,4032.148949640287,1338.9396258992806,2.030213457266187,3.5531730935251793,1.7230759712230215,0.5548909352517984
8,,9,50.3,16.7,33.0,2.9,829.0,9.0,,,2781.7697871053983,2781.7697871053983,4854.951964867181,2461.147320479863,574.4647660668381,1.272850569696658,2.2225229790059986,1.1298784515852613,0.2425264970008569,4302.678174053129,8268.516983718937,4904.32817823479,1014.2002810625536,1.9259951570865468,3.644546443873179,2.1147181148243357,0.40437134532990576
9,,10,45.6,21.4,33.0,2.87,933.0,7.8,,,3329.031307413509,3329.031307413509,5763.460450082372,2853.25998306425,723.5011654695222,1.5156100452533772,2.6259118003294892,1.3050192830313014,0.3060208685337725,4482.207396902801,8387.500494233936,4750.97639538715,1074.419611202636,2.0060960695881382,3.7082766392092252,2.0625505107084017,0.43476612850082363
10,,11,41.9,25.1,33.0,2.84,845.0,7.1,,,3712.224089918466,3712.224089918466,6389.838860911272,3112.648642925659,828.1171371702638,1.6856994657841728,2.904798119904077,1.42187848441247,0.3508576306954436,4612.517855155876,8473.961630695443,4639.671846522781,1118.3863788968824,2.0641748949640286,3.7544450839328545,2.0245966426858515,0.4569285371702638
11,,12,39.4,27.6,33.0,2.82,844.0,6.9,,,3926.331526199373,3926.331526199373,6720.496845141066,3228.2004210658306,885.9168446394984,1.781227306312226,3.0541268840125393,1.4763952952978054,0.37618825329153605,4699.756302445142,8527.263197492164,4558.877943573668,1146.4525642633228,2.1034581266457684,3.784399749216301,1.9973156112852664,0.4713439498432602
12,,13,37.2,29.8,33.0,2.81,854.0,6.4,,,4120.998880399384,4120.998880399384,7026.263607395994,3336.285174791987,947.1041270878272,1.8659629573670262,3.1875304191063174,1.5240634613251152,0.4025459130970724,4774.5915207396,8581.56191063174,4501.976924499229,1171.9336332819723,2.1366763522958396,3.812439260400616,1.9780677966101692,0.48403451463790437
13,,14,35.3,31.7,33.0,2.8,852.0,6.0,,,4271.909182116932,4271.909182116932,7259.650585269552,3417.9338037053913,988.376457828398,1.9331632870791198,3.292640270463174,1.5623779538344722,0.4206048844343204,4834.416619589978,8618.609506454062,4447.104716780562,1191.5858952164008,2.1635115174487476,3.8329596659073655,1.9594169172361429,0.4940691875474564
14,,15,33.5,33.5,33.0,2.79,859.0,5.8,,,4394.56946237603,4394.56946237603,7445.721460674157,3475.7158368539326,1027.2392212734082,1.9865979757782772,3.3742244584269665,1.588438154307116,0.43752148614232206,4892.916901872659,8662.927041198502,4405.384689138577,1211.7161947565542,2.1893966250187264,3.855436254681648,1.9453306367041199,0.5040221722846443
15,,16,29.0,38.0,33.0,2.76,,,,,4695.813584834784,4695.813584834784,7890.897115942028,3601.445019710145,1119.1689495652174,2.118861116278261,3.5721281898550727,1.6476123449275364,0.4779853507246377,5031.234532173914,8754.284927536233,4287.327072463768,1257.097043478261,2.251354006956522,3.9049175362318844,1.9055289855072461,0.5270405797101451
16,,17,24.0,43.0,33.0,2.83,,,,,4981.808748083916,4981.808748083916,8295.06369230769,3687.2058209790207,1215.6049846153844,2.242599305622378,3.749071804195803,1.6879854545454545,0.5205994405594404,5201.862453706293,8905.853986013984,4199.886433566433,1315.9731468531468,2.3264257163636364,3.9782612587412585,1.8772162237762235,0.5555110489510489
17,,18,54.0,6.0,40.0,2.93,805.0,9.2,,,1904.2720827471696,1904.2720827471696,3423.589883018868,1917.7615950943393,253.46445056603773,0.902433508045283,1.6243261283018868,0.9098252075471699,0.10703939622641509,4179.358128301887,8444.677735849058,5506.549283018867,795.7249811320754,1.9080871486792454,3.777329811320755,2.398892075471698,0.3050928301886793
18,,19,50.0,10.0,40.0,2.9,807.0,9.0,,,2487.004973818182,2487.004973818182,4419.588090909091,2390.0127363636366,393.20420000000007,1.1648826545454547,2.073111636363637,1.1234756363636367,0.16622981818181823,4353.581323636364,8551.196363636363,5340.377454545454,860.5076363636364,1.9844864145454546,3.8329545454545455,2.339538181818182,0.3373890909090909
19,,20,45.0,15.0,40.0,2.85,813.0,8.1,,,3164.918437078261,3164.918437078261,5556.973660869567,2904.8492130434784,558.913747826087,1.4698314868869564,2.5861714608695654,1.3579742260869567,0.23694838260869566,4554.098448695652,8668.245217391304,5141.125913043478,934.1196521739131,2.072735408695652,3.895477391304348,2.268561739130435,0.3743339130434783
20,,21,40.0,20.0,40.0,2.82,826.0,7.1,,,3717.0572319999997,3717.0572319999997,6463.153199999999,3285.2089199999996,707.8618399999999,1.7152692928,2.9901647999999996,1.5294607999999998,0.3007311999999999,4738.407893333333,8783.466666666667,4969.016,1003.0453333333332,2.1534211199999995,3.955026666666667,2.2070133333333337,0.40858666666666665
21,,22,38.0,22.2,40.0,2.8,832.0,6.7,,,3938.1156205124175,3938.1156205124175,6820.571600653595,3428.3324518300656,769.0367873202614,1.8132665306039215,3.149266496732026,1.5941455738562091,0.327037877124183,4811.50920993464,8828.633464052285,4898.847346405228,1032.3075032679737,2.184979965490196,3.9775267973856208,2.1812120261437906,0.422960522875817
22,,23,35.0,25.0,40.0,2.78,846.0,6.2,,,4209.036922111999,4209.036922111999,7255.317728,3599.436272,842.65424,1.9337446517760002,3.343750784,1.672284928,0.358825472,4904.464716799999,8882.019199999999,4805.9888,1064.912,2.2262628864,4.0069376000000005,2.1486592,0.4395008
23,,24,30.0,30.0,40.0,2.76,864.0,5.4,,,4605.4463382153845,4605.4463382153845,7861.595061538462,3797.8908584615388,960.9600553846154,2.108059704676924,3.6126781923076923,1.7634543538461536,0.41042803076923073,5071.754683076924,8991.344615384616,4657.819692307693,1126.150153846154,2.299725944615385,4.0633,2.096273846153846,0.4699261538461539
24,,25,27.3,32.7,40.0,2.77,865.0,5.2,,,4797.679512918763,4797.679512918763,8146.406390504899,3877.4521934740014,1022.8049623813115,2.191700535369405,3.7376858568198945,1.7998470040693293,0.4375075279577996,5158.461230203466,9059.630715900526,4597.911276563677,1159.6644822908818,2.337182084702336,4.095752087415222,2.0748264355689523,0.48608343632253204
25,,26,50.0,5.0,45.0,2.9,791.0,9.7,,,2202.2223396571426,2202.2223396571426,3973.3930857142855,2269.8058742857143,239.55529142857142,1.0559719065142859,1.9093604285714285,1.0904630285714285,0.10186297142857144,4385.023268571428,8769.611428571428,5694.4137142857135,734.976,2.0270404114285716,3.9795714285714285,2.52088,0.28249142857142856
26,,27,45.0,10.0,45.0,2.86,796.0,8.5,,,2955.864698472727,2955.864698472727,5254.534181818182,2870.819210909091,418.52765818181825,1.3959279271272729,2.488158745454545,1.3637392363636363,0.17790458181818183,4599.265803636364,8894.936363636363,5478.158545454545,820.3098181818182,2.1197551345454544,4.043235454545455,2.4414381818181816,0.3246436363636364
27,,28,40.0,15.0,45.0,2.81,805.0,7.7,,,3582.1283255652174,3582.1283255652174,6303.01252173913,3338.751547826087,579.0815304347825,1.675927031652174,2.9577234782608692,1.5748719999999996,0.24630017391304349,4780.863972173914,8989.053913043477,5275.591304347826,893.7426086956522,2.1982954295652175,4.092396521739131,2.3664973913043474,0.3611547826086956
28,,29,35.0,20.0,45.0,2.77,824.0,6.5,,,4120.487437866667,4120.487437866667,7179.840233333333,3699.7402266666663,723.4440533333333,1.9155610686666666,3.349679383333333,1.7386826999999998,0.30833079999999996,4950.731946666667,9079.126666666667,5089.517333333333,961.9413333333334,2.2718422666666664,4.139336666666667,2.297846666666666,0.39505333333333337
29,,30,34.4,20.6,45.0,2.77,830.0,6.4,,,4189.263719015588,4189.263719015588,7287.594313764512,3738.254686832504,743.7336841127694,1.945815108818574,3.3973566620232174,1.7561130348258707,0.31711697512437814,4981.125410812604,9108.595953565506,5076.950792703151,973.8355157545606,2.2848409069320073,4.152591973466004,2.2934368159203977,0.4006208955223881
30,,31,32.4,22.6,45.0,2.75,844.0,6.0,,,4376.75761714845,4376.75761714845,7588.1926394779775,3856.703623164763,793.8772561174551,2.0293869450831976,3.532244402936379,1.8104855432300162,0.33880034584013047,5042.267400978793,9139.571941272432,5007.581794453507,998.6846329526918,2.311267536704731,4.168832300163133,2.267723980424144,0.41298401305057103
31,,32,30.6,24.4,45.0,2.74,853.0,5.7,,,4529.0840693556265,4529.0840693556265,7821.312441800643,3933.819616398713,838.2245151125403,2.096629269082958,3.636174698392283,1.846230760128617,0.35817772861736336,5098.230099549839,9168.712668810289,4945.600128617363,1020.9021221864953,2.335565573247589,4.184229646302251,2.2449403215434085,0.42406610932475886
32,,33,30.0,25.0,45.0,2.72,854.0,5.7,,,4575.1462608,4575.1462608,7890.799319999999,3956.2162200000002,850.52436,2.1172412352000007,3.6677844,1.8570839999999997,0.36361920000000003,5114.18688,9171.216,4919.256,1026.768,2.34270528,4.1868,2.2353599999999996,0.4272
33,,34,29.0,26.0,45.0,2.74,860.0,5.6,,,4649.553414349206,4649.553414349206,7999.830873015872,3983.9448793650786,876.5982031746031,2.149135143301587,3.7147116111111114,1.8692715396825397,0.37499298412698406,5153.3172419047605,9206.040317460318,4897.936634920635,1042.6910476190476,2.3593516228571425,4.202472222222222,2.2275425396825392,0.43470031746031745
34,,35,27.5,27.5,45.0,2.73,862.0,5.5,,,4763.705308988236,4763.705308988236,8178.246070588236,4047.6939529411766,909.4113411764706,2.199559712376471,3.794109741176471,1.8984387764705881,0.38924122352941176,5193.23330509804,9223.957647058824,4849.004705882353,1059.0854901960784,2.3766038839215686,4.212178823529412,2.2093301960784313,0.4429050980392157
35,,36,25.0,30.0,45.0,2.73,868.0,5.3,,,4924.054977230769,4924.054977230769,8410.945846153845,4106.338753846154,961.3885846153846,2.2693214603076926,3.896477307692308,1.9257659999999996,0.4121224615384615,5267.5916307692305,9269.723076923077,4777.172307692308,1089.1753846153845,2.4086322461538465,4.234846153846154,2.1828,0.45766153846153845
36,,37,50.0,0.0,50.0,2.9,777.0,10.2,,,1883.435968,1883.435968,3473.732,2128.9279999999994,78.24,0.9315508639999999,1.7208259999999997,1.0473919999999999,0.034108,4415.6262400000005,9001.76,6079.04,595.2,2.07225152,4.1376800000000005,2.71856,0.22144000000000003
37,,38,45.0,5.0,50.0,2.86,776.0,9.0,,,2698.7739208380954,2698.7739208380954,4873.027476190476,2804.7890219047617,262.62617714285716,1.3012755628190475,2.3561537904761907,1.3558912761904762,0.1122904380952381,4635.218499047619,9117.306666666667,5833.260571428571,690.2087619047619,2.1657340342857143,4.194735238095238,2.625447619047619,0.2680380952380953
38,,39,40.0,10.0,50.0,2.81,787.0,7.8,,,3407.2078408727275,3407.2078408727275,6063.505418181819,3345.0389199999995,436.9797309090909,1.619642527418182,2.892404727272728,1.6013690181818183,0.18661570909090913,4836.795287272727,9228.196363636363,5614.886545454546,777.7439999999999,2.2513875781818182,4.248654545454546,2.5425745454545448,0.3108072727272727
39,,40,37.5,12.5,50.0,2.8,798.0,7.4,,,3726.2581269333336,3726.2581269333336,6595.265866666667,3581.1835466666666,516.2385599999999,1.7629256106666666,3.132009066666667,1.7089802666666665,0.2205077333333333,4925.962666666667,9269.506666666666,5506.392888888889,816.4302222222221,2.2894197155555553,4.269793333333333,2.5014711111111105,0.3299288888888889
40,,41,35.0,15.0,50.0,2.76,807.0,6.8,,,3997.6209185391303,3997.6209185391303,7033.33172173913,3755.828382608696,591.3174260869565,1.8832392836173912,3.327082208695652,1.7879981565217389,0.25281314782608694,5008.589996521739,9302.699130434781,5398.102608695653,852.1426086956521,2.324783206956522,4.287653913043479,2.460525217391304,0.347735652173913
41,,42,31.3,18.7,50.0,2.73,831.0,6.1,,,4396.556516185341,4396.556516185341,7679.054681550127,4016.2432652906487,699.8705457455773,2.060512837432182,3.6153481213142378,1.9061770042122999,0.2995258096040438,5135.1927454085935,9375.387363100252,5265.3866554338665,907.5571356360573,2.3784231750631846,4.322379949452401,2.4099844987363097,0.3746877843302443
42,,43,30.0,20.0,50.0,2.72,831.0,5.7,,,4514.121644533333,4514.121644533333,7864.610966666666,4085.811816666667,731.6569,2.112885412266667,3.6987280666666664,1.9383874666666663,0.31334253333333334,5175.384853333334,9392.546666666667,5214.366666666667,924.76,2.3956468266666664,4.331506666666667,2.3907466666666664,0.38325333333333333
43,,44,29.4,20.6,50.0,2.73,837.0,5.7,,,4563.633601093202,4563.633601093202,7945.67815854063,4119.124623681592,745.8971704145938,2.1346902970427863,3.7344601585406307,1.9531570215588723,0.3194226600331675,5192.378693200663,9403.124908789387,5197.366288557214,932.9959270315093,2.4026451391044774,4.336071774461028,2.383987529021559,0.3871686898839138
44,,45,27.8,22.2,50.0,2.72,857.0,5.7,,,4710.468545586907,4710.468545586907,8168.445290343699,4188.936751882161,791.3475869067103,2.1989076177492635,3.832650224549918,1.984970131587561,0.33924191423895256,5249.188604648118,9436.979574468083,5140.538029459902,956.4088248772504,2.4270345874959087,4.352793158756137,2.362839607201309,0.39864418985270045
45,,46,26.3,23.7,50.0,2.71,868.0,5.4,,,4822.113468611156,4822.113468611156,8343.225102667744,4252.0797869038,822.8047282134197,2.248369129209378,3.9107116087308005,2.014017351657235,0.3529139660468877,5285.083222506064,9446.577396928053,5085.4545901374295,973.0203524656428,2.442223326628941,4.358321584478578,2.3416543896523847,0.4069557962813258
46,,47,25.0,25.0,50.0,2.7,869.0,5.0,,,4917.449844479999,4917.449844479999,8484.02232,4290.8287199999995,853.4980800000001,2.28985282464,3.97253796,2.03179272,0.36636527999999996,5328.943232,9475.528,5045.608,991.632,2.460878176,4.371964,2.3266479999999996,0.415952
47,,48,20.0,30.0,50.0,2.7,874.0,4.5,,,5221.32399323077,5221.32399323077,8918.80823076923,4389.5763,957.0499846153847,2.420977620923077,4.161904615384615,2.0771649230769227,0.4119304615384615,5472.5432615384625,9557.692307692309,4894.649230769231,1054.4676923076922,2.5217289846153847,4.411261538461539,2.2691692307692306,0.4465230769230769
48,,49,10.0,40.0,50.0,2.72,895.0,,,,5693.035629257143,5693.035629257143,9533.943257142857,4439.097194285714,1138.5901600000002,2.6206837846857143,4.424728285714286,2.1014202285714285,0.4926934857142858,5753.645531428572,9734.479999999998,4625.9039999999995,1173.545142857143,2.6414906971428573,4.495708571428572,2.1680571428571427,0.5043428571428572
49,,50,40.0,5.0,55.0,2.8,766.0,8.1,,,3182.2809057523805,3182.2809057523805,5741.115809523809,3316.8269180952384,279.26556952380946,1.5416418998857142,2.7912371809523813,1.6130608761904761,0.12032426666666667,4884.138605714285,9461.173333333332,5968.793142857143,644.6796190476191,2.3039893333333334,4.408556190476191,2.728853333333333,0.25331809523809523
50,,51,35.0,10.0,55.0,2.75,783.0,7.1,,,3869.6258030545455,3869.6258030545455,6891.7477181818185,3832.8684545454544,450.8077090909091,1.8500495308000002,3.308820677272728,1.8473515363636361,0.1935164181818182,5072.559883636363,9549.154545454545,5736.955636363637,732.8712727272726,2.38282984,4.450351818181819,2.638769090909091,0.2962945454545455
51,,52,33.7,11.3,55.0,2.75,797.0,6.7,,,4026.629127452291,4026.629127452291,7148.132366936208,3939.3025226235404,492.69159619047633,1.9199739889150047,3.4234700655885004,1.8956341229110514,0.2115005563342318,5121.148033495059,9582.215813117698,5692.52511051213,756.7000323450136,2.4027239893620846,4.464261257861636,2.6209096495956876,0.3075232345013478
52,,53,30.0,15.0,55.0,2.71,809.0,6.1,,,4448.780656208695,4448.780656208695,7836.9673999999995,4223.640343478261,607.1193130434783,2.107571319930435,3.7306766782608696,2.024130747826087,0.26059881739130436,5239.808751304348,9626.831304347827,5529.692173913043,812.6295652173912,2.452471610434783,4.4865895652173915,2.5577356521739127,0.33504695652173916
53,,54,28.1,16.9,55.0,2.7,829.0,5.5,,,4618.452784654234,4618.452784654234,8103.644266552608,4321.054026552609,655.2320825320786,2.182650053659538,3.8495345579127465,2.0687118792130024,0.2814702542343883,5299.47372728828,9657.255055603078,5459.628277159965,841.614124893071,2.477143678220701,4.500216715141146,2.530093105218135,0.34900920444824635
54,,55,26.5,18.5,55.0,2.69,841.0,5.3,,,4775.0796753012655,4775.0796753012655,8349.131124050633,4410.108818902954,699.3134487763713,2.252046413900422,3.959172670886076,2.1096563831223625,0.30062268016877636,5347.571459240506,9676.023797468355,5394.743156118144,864.1712067510549,2.4973229697890296,4.509563291139241,2.5049446413502108,0.36010092827004225
55,,56,25.0,20.0,55.0,2.67,851.0,5.0,,,4894.119079466666,4894.119079466666,8528.0803,4463.48476,737.3712533333332,2.303851749466667,4.03760875,2.133815433333333,0.3172230666666667,5392.116053333333,9695.019999999999,5337.090666666667,885.1413333333334,2.51596472,4.518750000000001,2.4825399999999997,0.37035999999999997
56,,57,22.5,22.5,55.0,2.67,870.0,4.9,,,5089.00705567347,5089.00705567347,8824.422269387756,4556.785753469388,798.3914253061225,2.3889095506285716,4.167832995918367,2.1760360163265307,0.3437891265306122,5466.865632653062,9734.452244897959,5251.763591836735,920.7026938775512,2.547027931428572,4.536649795918367,2.449090612244898,0.3875134693877551
57,,58,20.0,25.0,55.0,2.66,878.0,4.7,,,5245.264570879999,5245.264570879999,9047.50368,4607.863456,849.7627520000001,2.45678588928,4.265942400000001,2.20013856,0.36647904,5537.339904,9768.448,5166.5088,954.0736,2.5764067840000004,4.55248,2.415808,0.403712
58,,59,35.0,5.0,60.0,2.73,768.0,7.3,,,3682.2634864761903,3682.2634864761903,6635.941752380952,3844.16347047619,292.5269409523809,1.791175341104762,3.2420515809523804,1.8795734857142856,0.12712594285714285,5133.807847619048,9805.45523809524,6103.635047619048,599.2700952380952,2.442611230476191,4.622678095238095,2.8320685714285716,0.23867428571428573
59,,60,33.3,6.7,60.0,2.73,780.0,6.9,,,3914.098942870853,3914.098942870853,7025.682513402062,4020.5092203373943,350.8098629803186,1.895070430524461,3.4170024258669165,1.9593068198687906,0.1519371351452671,5192.596059531396,9824.61075913777,6016.946091846297,629.5991752577319,2.4666936301405813,4.6314339643861295,2.7975963261480783,0.2534458481724461
60,,61,30.0,10.0,60.0,2.69,789.0,6.5,,,4314.6588648727275,4314.6588648727275,7682.463199999999,4294.639534545455,460.36823272727275,2.0727863112727274,3.7091411272727273,2.082510327272727,0.19883040000000002,5308.415767272728,9880.89090909091,5874.369454545455,689.9316363636365,2.5136787345454548,4.65494,2.7400472727272724,0.28226181818181817
61,,62,27.2,12.8,60.0,2.68,813.0,5.8,,,4623.970211404256,4623.970211404256,8181.709787234042,4495.252970212767,542.9886638297874,2.2106215632340427,3.932896085106383,2.174195914893617,0.23446706382978724,5395.059690212765,9909.535886524824,5747.02275177305,735.0168510638298,2.5490744034042554,4.667803971631206,2.6892624113475176,0.30417588652482275
62,,63,25.0,15.0,60.0,2.65,823.0,5.5,,,4843.730245773912,4843.730245773912,8533.913034782609,4631.80902,605.4540573913044,2.307709976556522,4.089167086956522,2.2357759826086956,0.26136949565217393,5465.992153043478,9945.892173913044,5662.64452173913,771.9046956521739,2.5778315269565217,4.682895652173913,2.655140869565217,0.32174608695652174
63,,64,23.5,16.5,60.0,2.66,838.0,5.2,,,4991.128020133905,4991.128020133905,8765.368243776824,4713.65551416309,651.5949836909872,2.37191538936309,4.19024576137339,2.271938183690987,0.2812528892703862,5516.593584892704,9975.770987124464,5608.905888412017,797.5364120171673,2.598437824549356,4.695382145922747,2.633457510729613,0.3338952789699571
64,,65,20.0,20.0,60.0,2.62,876.0,4.7,,,5249.388656,5249.388656,9146.2542,4819.12572,732.4194400000002,2.4848470568,4.3586673,2.3210938,0.3167732000000001,5610.1861333333345,10001.513333333334,5463.294666666667,846.3226666666668,2.6367428533333332,4.707403333333333,2.575553333333333,0.3577466666666667
65,,66,12.0,12.0,76.0,2.49,892.0,3.3,,,5874.398162285715,5874.398162285715,10386.376250000001,5793.9772142857155,521.1300000000001,2.848199797571429,5.075245196428571,2.852511821428571,0.23029407142857147,6124.89782857143,10963.15,6219.8714285714295,591.6000000000001,2.9559810571428575,5.315532142857143,3.0242071428571426,0.25575714285714285
66,,67,7.0,17.0,76.0,2.38,,,,,6126.408339418804,6126.408339418804,10712.771107692308,5808.16062017094,633.7595993162392,2.9512556567384625,5.20730455897436,2.855380071794871,0.27979074871794873,6238.225274529915,10973.622564102563,5998.1471452991445,674.6888205128204,2.9970814495726494,5.311178461538462,2.9286488888888886,0.2948690598290598
67,Pönitzsch [45],68,12.0,11.7,76.3,2.46,,,6.3,83.1,5872.204653169561,5872.204653169561,10391.085994986572,5810.865637135184,510.5979951298121,2.8494153445930173,5.081376436884512,2.862213905819159,0.22581306642793203,6128.941052676813,10977.891709937332,6240.645736794988,582.9218406445838,2.9599322562578343,5.326071978513876,3.0356323008057293,0.25207119068934647
68,,69,13.7,13.2,73.1,2.501,,,6.34,85.0,5745.426232604947,5745.426232604947,10140.550055300353,5611.299905512366,559.4536647349823,2.7742851590565367,4.9334813530918735,2.7516306482332156,0.24573659469964665,6032.064816395759,10804.434452296817,6103.7183180212,641.7253992932862,2.8971634158303883,5.209018427561837,2.949425689045936,0.2754211307420495
69,,70,15.5,15.0,69.5,2.539,,,6.44,86.8,5597.870894372175,5597.870894372175,9846.762106086957,5380.087303478262,608.4577408695653,2.6887270862469568,4.764375335652175,2.6260802365217395,0.26582845913043485,5910.896155826087,10578.52243478261,5927.189913043478,700.1690434782608,2.8223604953043475,5.066758608695652,2.844932869565218,0.29880626086956524
70,,71,17.3,16.7,66.0,2.571,,,6.51,88.5,5462.084479424164,5462.084479424164,9579.366459640103,5172.870957532134,651.7829433419024,2.610357381972237,4.610656676606683,2.513246342416452,0.2835234467866324,5793.803859468723,10360.577000856896,5758.897734361611,753.574731790917,2.7507894792116545,4.930899263067696,2.7458946358183374,0.3201598628963153
71,,72,18.9,18.4,62.7,2.604,,,6.6,90.2,5334.55887241081,5334.55887241081,9323.371105067568,4968.1825855405405,697.0567075675676,2.535763219295946,4.4623571005067575,2.4018914888513514,0.30212062094594594,5693.68444972973,10169.391114864868,5603.969337837838,805.6061081081081,2.6881811990540547,4.809950760135136,2.6548442229729727,0.3411123648648649
72,,73,20.4,20.1,59.5,2.631,,,6.59,91.9,5234.402440334388,5234.402440334388,9121.345338884264,4802.752898717736,738.2417281598669,2.4758728404889263,4.342821360199833,2.310709432805995,0.31901550974188186,5600.445855653622,9994.034970857621,5462.657838467944,856.1375920066612,2.629340982248127,4.697259150707744,2.570434904246462,0.36138391340549547
73,,74,21.9,21.7,56.4,2.635,,,6.7,93.2,5127.147549191784,5127.147549191784,8902.951025965489,4625.601174034511,776.7490688578473,2.413088625294331,4.216797143221036,2.215030881347576,0.33491593459326213,5511.814437337716,9822.994215283485,5322.749876746097,902.1954971240755,2.5739485997699263,4.589558405916189,2.488800295809367,0.37998113393590793
74,,75,23.5,22.5,53.9,2.68,,,6.74,94.9,5001.659338294118,5001.659338294118,8671.470223039218,4470.402351715687,795.1039240196079,2.3454848506666672,4.090734406862746,2.1319683235294113,0.3421162352941176,5411.7346379084975,9647.043790849671,5208.3550653594775,923.8349673202615,2.518236796078431,4.488688398692811,2.4236120915032675,0.3882947712418301
75,,76,24.7,24.5,50.8,2.699,,,6.8,96.2,4927.302404974779,4927.302404974779,8506.490901526106,4317.101395100401,838.8053081124499,2.298199432469719,3.9903573812851403,2.048244735261044,0.36035392738955824,5334.0745299277105,9487.836497991968,5066.110939759035,973.549172690763,2.4676654641606426,4.386502184738956,2.3414336064257024,0.4086121767068273
76,,77,26.4,25.7,47.9,2.717,,,6.94,97.5,4826.227610170246,4826.227610170246,8316.444107557676,4178.1950551471755,868.4039591408115,2.2403296475137635,3.880386988703261,1.9709323824980112,0.3722081998408911,5253.24000636436,9347.783993635641,4964.630682577566,1012.7503070803501,2.4175267833890217,4.295252442322991,2.2777510898965794,0.42399974542561664
77,,78,27.6,27.1,45.3,2.734,,,6.9,98.9,4735.989064227852,4735.989064227852,8136.550621557829,4036.1773301022818,898.853288686074,2.187897006114241,3.776657171990559,1.893750877104642,0.3846949576711251,5186.040545586154,9219.528560188828,4860.02245790716,1048.9578347757672,2.3752015619826916,4.2134752478363495,2.215954933123525,0.43857724626278527
78,,79,28.9,28.4,42.7,2.748,,,7.0,100.1,4655.6786336897185,4655.6786336897185,7977.263697819315,3913.305089844236,921.9354856074765,2.1421627150429905,3.6865694202492207,1.827790305919003,0.3941706566978192,5115.6811284735195,9087.411214953272,4756.444062305296,1082.2423925233643,2.331935064423676,4.130854018691589,2.155105669781931,0.45192049844236754
79,,80,29.9,29.6,40.5,2.762,,,7.03,101.3,4605.9943710913585,4605.9943710913585,7870.7729148148155,3816.5311314814817,951.324438271605,2.110457628187655,3.620728503703704,1.7739016308641975,0.40632762839506176,5068.7538054320985,8996.21925925926,4676.9459259259265,1114.513086419753,2.300765070617284,4.069794814814815,2.1070834567901233,0.4649535802469136
80,,81,31.2,31.1,37.7,2.773,,,7.11,102.4,4525.640111321434,4525.640111321434,7709.741104195272,3687.889068039665,980.0028677345539,2.0634153358254768,3.5273071005339443,1.7038081293668956,0.41809896445461486,4999.791788131198,8863.691045003814,4568.818093058734,1150.5664073226544,2.2576049540198326,3.986086102212053,2.043763356216629,0.47949522501906944
81,,82,32.5,32.3,35.2,2.783,,,7.2,103.4,4441.336930752532,4441.336930752532,7543.606305064246,3562.5966835374147,1000.6181023733938,2.0162379002702946,3.4348660030234317,1.6372192223733937,0.42656309962207095,4915.82189037037,8696.110476190475,4441.0380287226,1170.651476946334,2.210756151292517,3.8934861678004538,1.9764776417233556,0.48780444444444443
82,,83,24.3,5.9,69.7,2.602,,,6.4,83.4,4560.079350938375,4560.079350938375,8171.751549716447,4709.422814971645,327.07542049149345,2.227247297761815,4.0156756901701325,2.3208355603024575,0.14458150396975428,5650.641801436673,10490.504574669189,6326.790109640832,529.0775349716446,2.7244570782608695,5.0446694517958415,3.0164006805293004,0.2187029111531191
83,,84,21.6,8.9,69.4,2.58,,,6.44,83.6,4758.169490891177,4758.169490891177,8459.46074742647,4768.929832977941,414.87364463235303,2.307881909529412,4.130815818382353,2.3414649573529407,0.18232115294117646,5728.197801764705,10499.498897058824,6176.122125,589.0282205882353,2.751826644705882,5.040840735294117,2.9503214705882352,0.24665941176470588
84,,85,20.2,10.4,69.4,2.567,,,6.39,84.3,4837.684935768116,4837.684935768116,8565.623494927535,4775.85615710145,454.7331113043478,2.3393275807623195,4.1715139416666664,2.3417708166666666,0.1995866507246377,5764.921368115943,10499.593188405799,6099.748231884058,614.9718260869564,2.7654332944927535,5.0387412318840585,2.9180053623188407,0.2590315942028985
85,,86,18.5,11.8,69.6,2.556,,,6.5,84.8,5190.520683969204,5190.520683969204,9177.513691674128,5092.114704673232,509.69832680393927,2.50504803995846,4.460694073410924,2.4928996555058194,0.22326409740376013,5824.033906821844,10542.96393912265,6052.507201432408,640.4752444046555,2.7904009213249785,5.05845944494181,2.900054288272157,0.2712030080572964
86,,87,17.2,13.4,69.4,2.545,,,6.5,85.6,5351.464521853967,5351.464521853967,9433.864548853615,5189.505091075838,555.7500509347442,2.5761080803442686,4.574433446208114,2.536910797883598,0.2431332656084656,5852.691954003528,10533.67040564374,5973.805686067019,669.0211781305114,2.7992323674074076,5.049505114638449,2.8647651499118165,0.2844560141093474
87,,88,15.6,14.8,69.6,2.538,,,6.6,87.2,5489.673076080837,5489.673076080837,9647.596427874565,5264.7822,592.6300641114983,2.637868350305227,4.671136565853659,2.572510511498258,0.2593034257839722,5899.261560418119,10555.691289198607,5917.13862020906,690.4483902439025,2.818800453240418,5.060111289198606,2.842867317073171,0.2949215331010453
88,,89,12.5,17.7,69.8,2.536,,,6.78,90.9,5672.990747262532,5672.990747262532,9906.069599830076,5316.1954002548855,659.1388633814782,2.7160893751639765,4.782075798640612,2.5954075497026343,0.2885217366185217,5981.956300560747,10590.16360237893,5805.397852166525,735.5648462192014,2.851968109566695,5.0738948173322,2.79733689039932,0.3164755140186916
89,,90,45.2,19.6,35.2,2.86,,,6.9,98.9,4028.3398101565217,4028.3398101565217,7133.218507692308,3735.3298804682277,808.3612338461539,1.8469796033605352,3.2660542742474923,1.7086372762541806,0.3388756869565218,4555.654504882944,8578.915317725752,4932.545632107024,1055.4447090301003,2.0466219312374583,3.805758795986623,2.148049498327759,0.42567759197324423
90,,91,41.5,22.2,36.3,2.838,,,7.0,99.6,4265.682499509002,4265.682499509002,7490.82152700491,3853.9536707037646,864.8313675941081,1.9548165384811784,3.4321132315875618,1.7681922700490997,0.36415020949263494,4697.699330932897,8707.475941080198,4877.214009819968,1080.012307692308,2.114820261865794,3.8794767594108026,2.1396042553191488,0.4394873977086743
91,,92,36.0,28.4,35.6,2.793,,,6.99,101.9,4571.630655451713,4571.630655451713,7888.589127725856,3880.5232591900312,989.1272286604361,2.0828261172834894,3.5989865669781933,1.779545196261682,0.41919872897196264,4871.448144548287,8773.68722741433,4645.098317757009,1153.129968847352,2.1897100859813086,3.916726479750779,2.052548286604361,0.4762367601246105
92,,93,33.7,33.1,33.2,2.782,,,7.3,102.7,4169.011151639368,4169.011151639368,7039.963849737041,3259.3718507888802,977.4068631104432,1.8843648757265214,3.1913204620586018,1.4916765845229147,0.41688796093163033,4873.972091960931,8631.70969196093,4396.304643125469,1199.2286701728024,2.1827107546205857,3.8450976709241167,1.9435242674680688,0.4988724267468069
93,Veit [41],94,26.2,9.0,64.8,2.624,,,,85.2,4632.550668635597,4632.550668635597,8260.338347889909,4664.669966972477,431.60893064220187,2.2400237921673396,4.016906942752294,2.2780360653211007,0.18795771449541285,5503.575561394495,10179.179889908257,6038.829798165137,629.350752293578,2.627420875743119,4.844728293577981,2.8516613577981653,0.259916623853211
94,,95,26.0,8.0,65.9,2.609,,,,84.2,4630.7626031214095,4630.7626031214095,8277.530854494904,4710.724119369786,402.22934717330867,2.2456675943799818,4.036667662650603,2.305342079703429,0.17557395366079703,5526.6583962928635,10244.080815569972,6116.010231696016,600.6758850787767,2.645410971640408,4.888019277108434,2.894042632066729,0.24779981464318812
95,,96,24.2,10.0,65.8,2.621,,,,85.4,4852.0921738472725,4852.0921738472725,8634.079974545455,4848.890399999999,469.0082181818182,2.342508761323636,4.192829994545455,2.3662420254545453,0.20417155636363638,5587.048866909092,10268.653818181818,6029.345454545454,640.9541818181817,2.6679207534545455,4.8943283636363635,2.856322181818182,0.2665032727272727
96,,97,28.3,8.7,63.0,2.667,,,,86.1,4441.695850232935,4441.695850232935,7931.553502851885,4484.354417000919,424.25397622815086,2.1450866274119598,3.850438722723091,2.1849675694572217,0.1840818031278749,5407.645172695492,10057.539245630174,6007.214174793008,640.0402723091076,2.5755603919779206,4.769476228150874,2.821941674333027,0.26252916283348665
97,,98,28.2,8.0,63.8,2.645,,,,85.3,4430.62312165926,4430.62312165926,7923.105462962962,4502.8332059259255,401.528322962963,2.1446327752148147,3.855309990740741,2.198239522222222,0.17459753333333336,5422.493752888889,10102.723777777775,6062.8268148148145,620.3952592592592,2.5873547623703703,4.799115222222222,2.851860074074074,0.2541565925925926
98,,99,26.4,10.0,63.6,2.642,,,,86.8,4645.458700305454,4645.458700305454,8269.287930909093,4638.997812727273,462.96966909090924,2.2394246549527272,4.008557338181818,2.259307549090909,0.20099572363636364,5476.463464727273,10110.369454545456,5962.869090909091,657.2320000000001,2.6075235723636365,4.799300363636363,2.8094225454545456,0.2716101818181818
99,,100,24.1,9.3,66.6,2.599,,,,84.3,4837.027066047942,4837.027066047942,8619.136270814275,4865.492021994511,443.8129618298262,2.340606436308143,4.195473468801465,2.3790900505032027,0.1936648204940531,5595.584368892956,10296.51359560842,6070.87430558097,617.8635242451968,2.677439826386094,4.917735809698079,2.88124450137237,0.2568960292772187
100,,101,26.2,9.0,64.8,2.626,,,,86.3,4648.189757416514,4648.189757416514,8288.219526605504,4680.0343486238535,433.73130275229363,2.2474296809834864,4.0301442,2.285349390825688,0.18885976513761468,5506.150141651376,10186.910091743119,6045.521614678898,630.8891009174313,2.6283058877064223,4.8474396330275225,2.854007339449541,0.26045504587155965
101,,102,26.1,8.5,65.4,2.621,,,,85.8,4636.539804962212,4636.539804962212,8280.737878341015,4697.561399447005,417.051609953917,2.24522863447742,4.032268957603687,2.2960570894009216,0.18174767557603683,5515.8369976036865,10217.420460829495,6084.715133640553,615.7285161290322,2.636533139170507,4.8682733640553,2.87544,0.25402175115207376
102,,103,25.2,9.5,65.3,2.616,,,,85.6,4736.648942025936,4736.648942025936,8439.106760365295,4755.938134885844,446.6389156164384,2.2892263579499543,4.1021781559817345,2.322276932968036,0.19451572456621008,5540.792563726027,10213.32010958904,6026.62907762557,632.9621187214614,2.64594539894064,4.865570191780822,2.851301114155251,0.2623865570776256
