Glass #,Author,Year,CaO,K2O,MgO,Na2O,P2O5,SiO2,ZrO2,"Density at 20°C, g/cm3","Young`s modulus, GPa"
20683,Livshits V.Ya.,1991,7.6,2.8,0,14.2,0,49.9,0,3.094,96
22219,Gan Fuxi,1959,18,0,0,12,0,50,0,2.568,77.4
24660,Spinner S.,1954,14.3,0,0,14.3,0,57.09999,0,2.59,84.9
24661,Spinner S.,1954,14.3,0,0,14.3,0,50,0,2.591,86.8
24662,Spinner S.,1954,14.3,0,0,14.3,0,42.8,0,2.589,88.3
24663,Spinner S.,1954,14.3,0,0,14.3,0,35.7,0,2.561,86.8
26863,Loewenstein K.L,1962,11.15,0,0,16.13,0,69.81,0,2.506,67.7
26864,Loewenstein K.L,1962,11.15,0,0,16.13,0,69.81,0,2.674,76
26865,Loewenstein K.L,1962,11.15,0,0,16.13,0,69.81,0,2.89,77.6
26866,Loewenstein K.L,1962,10.83108,0,0,15.67157,0,67.83678,0,2.567,77.8
26867,Loewenstein K.L,1962,10.83108,0,0,15.67157,0,67.83678,5.660565,2.89,78.1
26868,Loewenstein K.L,1962,10.83108,0,0,15.67157,0,67.83678,0,2.909,78.8
26869,Loewenstein K.L,1962,10.83108,0,0,15.67157,0,67.83678,0,3.002,77.4
26870,Loewenstein K.L,1962,11.15,0,0,16.13,0,69.81,0,2.532,78.7
26871,Loewenstein K.L,1962,11.15,0,0,16.13,0,69.81,0,2.478,72.6
26872,Loewenstein K.L,1962,11.15,0,0,16.13,0,69.81,0,2.877,76.6
26874,Loewenstein K.L,1962,10.83108,0,0,15.67157,0,67.83678,0,2.513,77.9
26875,Loewenstein K.L,1962,10.83108,0,5.660565,15.67157,0,67.83678,0,2.612,79.2
26876,Loewenstein K.L,1962,16.49165,0,0,15.67157,0,67.83678,0,2.55,75.5
26877,Loewenstein K.L,1962,10.83108,0,0,15.67157,0,67.83678,0,2.673,75.4
26878,Loewenstein K.L,1962,10.83108,0,0,15.67157,0,67.83678,0,2.754,74.3
26879,Loewenstein K.L,1962,10.83108,0,0,15.67157,0,67.83678,0,2.608,72.6
26880,Loewenstein K.L,1962,10.83108,0,0,15.67157,0,67.83678,0,2.948,71.4
26882,Loewenstein K.L,1962,11.15,0,0,16.13,0,69.81,0,2.512,76.8
26883,Loewenstein K.L,1962,11.15,2.91,0,16.13,0,69.81,0,2.49,69.3
26884,Loewenstein K.L,1962,11.15,0,0,19.04,0,69.81,0,2.551,71.2
110645,State Optical I,1975,4.744341,8.926603,0,2.745139,0,69.98347,0,2.61,72.3
33459,Takagi H.,1988,5.75,0,0,7,0,30,7,3.809,106
33461,Takagi H.,1988,6,0,0,17.5,0,67,9.5,2.746,83.1
110688,State Optical I,1975,3.022992,6.030803,1.812173,2.007715,0,65.3273,0,3.67,63
10817,Butta E.,1961,10.70798,0,0,14.2889,0,69.92702,0,2.517,80.4
11347,Totesh A.S.,1961,16.8,0,0,16.7,0,66.1,0,2.5,69.6
12321,Gan Fuxi,1959,18,0,0,12,0,70,0,2.553,77.7
12363,Tille U.,1978,25,0,0,10,0,65,0,2.622,79.7
12370,Tille U.,1978,27.5,0,0,10,0,62.5,0,2.667,80.6
50432,Molot V.A.,1992,7.5,0,0,19.7,0,68.1,0,2.486,69.5
50433,Molot V.A.,1992,7,0,0,18,0,69,0,2.489,70
50434,Molot V.A.,1992,7.5,0,0,18.2,0,65.2,0,2.497,70.4
50435,Molot V.A.,1992,7,0,0,18,0,65,0,2.502,72.2
50436,Molot V.A.,1992,7.7,0,0,17.5,0,59,0,2.512,72.8
50437,Molot V.A.,1992,7.9,0,0,17.9,0,48.1,0,2.522,76.1
14593,Higazy A.A.,1987,20,0,0,15,0,65,0,2.56,69
14125,Higazy A.A.,1987,19.85309,0,0,14.88981,0,64.52253,0,2.611,80.1
14126,Higazy A.A.,1987,19.71026,0,0,14.78269,0,64.05834,0,2.616,81.6
14127,Higazy A.A.,1987,19.43635,0,0,14.57726,0,63.16813,0,2.693,87.6
14974,Higazy A.A.,1987,18.48258,0,0,13.86194,0,60.06839,0,2.728,87.1
14975,Higazy A.A.,1987,18.07338,0,0,13.55503,0,58.73848,0,2.749,85.1
14976,Higazy A.A.,1987,17.70225,0,0,13.27669,0,57.53231,0,2.792,85.6
13086,Higazy A.A.,1987,16.90903,0,0,12.68177,0,54.95435,0,2.866,90.5
13087,Higazy A.A.,1987,16.26413,0,0,12.1981,0,52.85842,0,2.911,98.4
145717,Winkelmann A.,1894,7.730922,0,0,13.98959,0,69.57671,0,2.585,73.9
6074,Volf M.B.,1961,7.698498,0,0,14.42845,0,69.2849,0,2.58,64.7
6397,Espe W.,1968,7.989699,6.61E-03,0.2624716,14.85947,0,68.87259,0,2.58,72.2
6398,Espe W.,1968,7.730414,6.57E-03,0,13.98867,0,69.57214,0,2.58,72.2
6399,Espe W.,1968,7.738213,0,0,14.50288,0,69.12645,0,2.58,72.2
38580,Gan Fuxi,1959,18,0,0,12,0,60,0,2.565,79.4
38588,Gan Fuxi,1959,18,0,0,12,0,60,0,2.583,78.4
121837,Butler B.P.,1996,11.43836,2.360133,4.988424,8.212734,0,53.52946,0,2.57,76.5
121838,Butler B.P.,1996,11.31682,2.708773,3.652334,6.977467,0,62.57785,0,2.6,80.9
121839,Butler B.P.,1996,9.959259,2.459193,1.684859,7.229242,0,57.40778,0,2.6,74.8
121840,Butler B.P.,1996,9.714502,1.044389,5.080032,8.472049,0,52.27146,0,2.65,83.7
121841,Butler B.P.,1996,12.13036,1.675061,3.573686,6.126748,0,61.55406,0,2.6,81.1
121842,Butler B.P.,1996,10.05644,1.159173,1.800949,8.828613,0,55.61263,0,2.554,78.3
121843,Butler B.P.,1996,10.02964,0.1293338,6.078944,10.83277,0,54.90306,0,2.68,85.3
121844,Butler B.P.,1996,10.98514,0.7399712,3.412054,6.63623,0,55.16106,0,2.605,82.6
121845,Butler B.P.,1996,11.45418,0.1255432,1.822223,8.877287,0,55.83414,0,2.554,79.3
121846,Butler B.P.,1996,11.31763,0.9117221,3.400211,9.424326,0,53.33142,0,2.625,83.6
121847,Butler B.P.,1996,11.21615,1.360443,3.357952,8.608007,0,61.78613,0,2.634,80.6
121848,Butler B.P.,1996,8.838819,1.099228,3.070665,9.242747,0,56.69534,0,2.608,78.8
121849,Butler B.P.,1996,11.81272,1.196306,3.259312,8.709055,0,52.79335,0,2.61,78.5
121850,Butler B.P.,1996,12.20689,1.764665,3.458504,8.478763,0,60.22082,0,2.582,78.9
121851,Butler B.P.,1996,11.47051,1.077479,3.499307,8.294136,0,61.49117,0,2.587,77.7
121852,Butler B.P.,1996,9.812481,1.26816,3.389494,7.914473,0,51.94529,0,2.615,80.1
121853,Butler B.P.,1996,11.15872,1.47157,3.504737,8.647806,0,59.23562,0,2.552,78.8
121854,Butler B.P.,1996,11.13507,1.023886,3.282621,8.538648,0,53.50591,0,2.609,81.7
121855,Butler B.P.,1996,9.672837,0.1260501,1.643521,10.98009,0,55.44593,0,2.658,77.9
121856,Butler B.P.,1996,12.07837,0.1446381,3.074516,7.892654,0,64.31163,0,2.62,77.8
121857,Butler B.P.,1996,11.21813,0.1279397,4.27584,10.7819,0,56.10083,0,2.59,80.3
121858,Butler B.P.,1996,12.97303,1.538065,1.73587,6.852852,0,53.84143,0,2.607,79.7
121859,Butler B.P.,1996,12.12514,1.434257,2.832694,7.941404,0,54.10191,0,2.632,81.2
121860,Butler B.P.,1996,11.03195,1.186365,4.01348,9.782269,0,53.24866,0,2.662,80.1
121861,Butler B.P.,1996,12.05697,2.521582,1.668188,11.98359,0,49.1426,0,2.607,78.7
121862,Butler B.P.,1996,12.39053,3.015382,3.079074,9.829458,0,56.93753,0,2.61,79.2
121863,Butler B.P.,1996,10.97973,2.271511,3.755764,9.305636,0,52.66201,0,2.654,80.2
80069,Vaills Y.,1992,5.031446,0,0,25.78616,0,69.18239,0,2.51,66.4
80070,Vaills Y.,1992,10.97561,0,0,21.95122,0,67.07317,0,2.57,71.8
80071,Vaills Y.,1992,17.64706,0,0,17.64706,0,64.70588,0,2.61,76.7
80072,Vaills Y.,1992,25.8427,0,0,12.35955,0,61.79775,0,2.68,82.3
80073,Vaills Y.,1992,29.67033,0,0,9.89011,0,60.43956,0,2.71,84.4
80074,Vaills Y.,1992,35.10638,0,0,6.382979,0,58.51064,0,2.76,88
80268,Frischat G.H.,1980,10.53741,0,0,16.85985,0,69.9157,0,2.526,81.8
80272,Frischat G.H.,1980,10.61346,0,0,16.98153,0,69.33772,0,2.531,82.3
78750,Krajewski A.,1985,26.92296,0,0,24.33952,2.603755,46.13376,0,2.7,70.3
78752,Krajewski A.,1985,26.59157,0,0,24.0496,2.57311,45.58052,0,2.69,72.3
78753,Krajewski A.,1985,26.27072,0,0,23.75929,2.53807,45.02651,0,2.67,72.4
78754,Krajewski A.,1985,25.62862,0,0,23.1783,2.475579,43.91945,0,2.66,82.3
78755,Krajewski A.,1985,24.35629,0,0,22.02706,2.355055,41.74802,0,2.66,74
78756,Krajewski A.,1985,26.80588,0,0,24.2435,2.593135,45.9456,0,2.71,75.6
78757,Krajewski A.,1985,26.69361,0,0,24.14189,2.582984,45.75543,0,2.7,77.6
78758,Krajewski A.,1985,26.4727,0,0,23.94196,2.557583,45.37269,0,2.7,85.9
78760,Krajewski A.,1985,25.11413,0,0,22.71243,2.428333,43.04701,0,2.69,81
78761,Krajewski A.,1985,24.19672,0,0,21.88215,2.336613,41.47155,0,2.68,80.7
78762,Krajewski A.,1985,25.71235,0,0,23.25402,2.483667,44.06294,0,2.78,75.7
78763,Krajewski A.,1985,23.33504,0,0,21.1029,2.253404,39.99471,0,2.78,74.7
78764,Krajewski A.,1985,26.8937,0,0,24.32296,2.586637,46.09237,0,2.72,83.4
78765,Krajewski A.,1985,26.84586,0,0,24.27966,2.597002,46.01411,0,2.72,87.5
78766,Krajewski A.,1985,26.77357,0,0,24.2142,2.590721,45.89248,0,2.72,81.9
78767,Krajewski A.,1985,26.63205,0,0,24.08608,2.572978,45.64581,0,2.73,81.8
78768,Krajewski A.,1985,26.48401,0,0,23.95205,2.563438,45.3984,0,2.73,81.6
78769,Krajewski A.,1985,26.34149,0,0,23.82301,2.544438,45.14109,0,2.74,82.1
78770,Krajewski A.,1985,25.73735,0,0,23.27604,2.488593,44.11524,0,2.78,81.2
78771,Krajewski A.,1985,26.84227,0,0,24.27641,2.596655,46.00797,0,2.65,73.2
78772,Krajewski A.,1985,26.61771,0,0,24.07311,2.571593,45.62123,0,2.71,79.6
78773,Krajewski A.,1985,26.31282,0,0,23.79709,2.541669,45.09196,0,2.73,71.4
78777,Krajewski A.,1985,26.3498,0,0,23.83082,2.54571,45.16206,0,2.75,77.3
78778,Krajewski A.,1985,25.78297,0,0,23.3179,2.490489,44.18397,0,2.75,75.7
78779,Krajewski A.,1985,23.52626,0,0,21.27582,2.271869,40.32244,0,2.78,74.7
78780,Krajewski A.,1985,26.64259,0,0,24.09561,2.573997,45.66387,0,2.73,77.3
78783,Krajewski A.,1985,25.17771,0,0,22.7693,2.431345,43.1529,0,2.85,74.7
78786,Krajewski A.,1985,26.70819,0,0,24.15466,2.57986,45.76951,0,2.79,85.5
78792,Krajewski A.,1985,26.77719,0,0,24.21734,2.587001,45.89457,0,2.73,86
78793,Krajewski A.,1985,26.63344,0,0,24.08705,2.572639,45.6414,0,2.79,78
78794,Krajewski A.,1985,26.32562,0,0,23.80806,2.545474,45.12357,0,2.8,73
78799,Krajewski A.,1985,26.6733,0,0,24.12339,2.576964,45.71652,0,2.74,87.4
78800,Krajewski A.,1985,26.42415,0,0,23.89777,2.552423,45.28275,0,2.72,83.4
140226,Dumbaugh W.H.,1980,3.527005,2.799628,3.271525,13.8284,0,63.6414,0,2.48,74.4
140228,Dumbaugh W.H.,1980,15.4949,1.844906,1.437252,2.8039,0,61.70274,0,2.47,75.1
118694,Weber W.J.,1984,3.15,0,0,16.26,0.33,52.64,1.05,2.953,81.1
118695,Weber W.J.,1984,5.0135,0,4.852534,17.25699,0,59.50671,0,2.564,81.7
118696,Weber W.J.,1984,4.747714,0,4.875648,16.77347,0.1964976,57.92079,0.5247256,2.772,81.7
119650,Sehgal J.,1998,10.70349,0,0,19.36864,0,69.92787,0,2.524,69
150255,Gehlhoff G.,1925,15.98841,0,0,17.35922,0,66.65237,0,2.56,99
150256,Gehlhoff G.,1925,21.24238,0,0,17.29774,0,61.45988,0,2.62,106
150655,Ohta H.,1986,6.716234,0.2104397,0,15.13851,0,68.73182,9.008594,2.75,82.6
152087,Abd El-Moneim A,1998,5,9,0,6,0,65,0,3.451,61.2
152088,Abd El-Moneim A,1998,5,3,0,12,0,65,0,3.468,67
152089,Abd El-Moneim A,1998,5,0,0,15,0,65,0,3.626,86.1
152276,Abd El-Moneim A,1998,5,12,0,3,0,65,0,3.452,59.7
152277,Abd El-Moneim A,1998,5,9,0,6,0,65,0,3.457,61.2
152278,Abd El-Moneim A,1998,5,7.5,0,7.5,0,65,0,3.453,60.5
152279,Abd El-Moneim A,1998,5,6,0,9,0,65,0,3.457,64.5
152280,Abd El-Moneim A,1998,5,3,0,12,0,65,0,3.469,67
155327,Zhukovskii G.Yu,1918,7.746892,0,0,14.01849,0,69.51386,0,2.585,72.6
156775,Orgaz F.,1985,10.54895,0,0,15.72843,0,58.45416,0,2.538,80.7
156777,Orgaz F.,1985,5.13,0,4.37,15.18,0,61.14,0,2.504,76.9
156779,Orgaz F.,1985,4.840969,0,0,14.4929,0,61.67234,0,2.559,79.8
156780,Orgaz F.,1985,9.398194,4.48345,0.1203611,9.638916,0,62.21664,0,2.475,71.8
156783,Orgaz F.,1985,4.451335,4.631389,5.051516,10.64319,0,62.05862,0,2.49,73.9
156784,Orgaz F.,1985,4.380001,4.64,8.00E-02,9.780001,0,61.75,0,2.543,74.7
147490,Troczynski T.B.,1991,26.9,0,0,24.3,2.6,46.2,0,2.6,80
167108,Bordeaux F.,1999,9.447742,3.374696,0.1546481,16.09062,0,69.60789,0,2.56,68
167109,Bordeaux F.,1999,14.24881,6.43E-03,0.1052125,21.2587,0,64.11348,0,2.66,70
167110,Bordeaux F.,1999,14.67659,1.727912,0.1523897,17.34211,0,64.62516,0,2.648,70
167111,Bordeaux F.,1999,11.38671,3.193863,0.761676,17.23685,0,66.21658,0,2.626,68
167112,Bordeaux F.,1999,11.52168,3.165769,0.7707045,16.33856,0,66.17429,0,2.731,68
167113,Bordeaux F.,1999,15.1595,0.6400608,0,18.38533,0,65.22379,0,2.67,69
183929,Mai C.,1985,26.9,0,0,24.3,2.6,46.2,0,2.695,76.6
190492,Koyama A.,2001,5,0,4.5,8.4,0,57.4,0,2.84,92
190493,Koyama A.,2001,6.306306,0,4.204204,7.207207,0,54.85485,0,2.53,90
190494,Koyama A.,2001,4.504504,1.001001,3.003003,6.206205,0,54.85485,0,2.58,90
190495,Koyama A.,2001,6.306307,0,4.204204,9.30931,0,52.25225,0,2.56,90
190496,Koyama A.,2001,6.006006,0,4.104104,7.707708,0,56.85686,0,2.6,90
190497,Koyama A.,2001,5.9,0,2.6,9.4,0,57.4,0,2.84,91
190498,Koyama A.,2001,6.5,0,5,9.4,0,57.4,0,2.77,91
190499,Koyama A.,2001,8.6,0,3.9,8.4,0,57.4,0,2.79,92
190500,Koyama A.,2001,6,0,4,11.3,0,56.2,0,2.77,92
190501,Koyama A.,2001,6.312625,0,4.208416,7.214428,0,51.50301,3.006012,2.62,94
190603,Suu G.,1999,16,5,0,7,0,52,0,2.6,91
191319,Speit B.,1999,2.558787,2.284972,7.120321,11.57572,0,60.65894,0,2.81,96
191322,Speit B.,1999,19.22223,0,0,11.71439,0,30.24651,1.409775,3.75,137
191521,Kurachi J.,2000,7.5,0,4.4,2,0,62,0,2.49,90
191529,Kurachi J.,2000,4.9,0,6.7,2.9,0,60.2,0,2.57,91.7
192510,Naumann K.,2000,5.536643,0,0,9.086913,0,65.8545,10.48885,2.937,88
192511,Naumann K.,2000,3.946707,3.915967,0,3.332847,0,69.7411,10.77663,2.849,84
192512,Naumann K.,2000,4.559285,0,15.85887,7.940927,0,58.40311,9.2851,2.873,95
192514,Naumann K.,2000,9.79368,0,1.682272,8.53295,0,67.70784,9.849421,2.863,90
192515,Naumann K.,2000,9.322344,0,1.684495,8.434685,0,64.97243,9.531852,2.836,89
192517,Naumann K.,2000,9.899185,0.7653571,0,7.909725,0,66.71298,8.83451,2.984,88
192519,Naumann K.,2000,9.301692,0,16.17735,3.156,0,59.46746,5.291378,2.968,96
192524,Naumann K.,2000,6.590848,0,0,15.76009,0,68.10387,8.944715,2.7,83
192527,Naumann K.,2000,10.34332,2.309121,0,7.954678,0,66.36812,6.472312,2.96,85
192532,Naumann K.,2000,9.085973,3.380702,15.80217,3.082808,0,58.08832,5.323723,2.841,91
192533,Naumann K.,2000,9.932156,3.695549,1.727384,3.369912,0,63.49813,10.05704,2.801,87
192534,Naumann K.,2000,4.78234,0,13.30779,8.653946,0,61.0372,5.495392,2.864,89
192537,Naumann K.,2000,5.536643,0,0,9.086913,0,65.8545,10.48885,2.937,88
192538,Naumann K.,2000,4.559285,0,15.85887,7.940927,0,58.40311,9.2851,2.873,95
192540,Naumann K.,2000,9.674217,0,1.682524,8.753053,0,67.60511,9.850894,2.86,90
192541,Naumann K.,2000,9.322344,0,1.684495,8.434685,0,64.97243,9.531852,2.836,89
192543,Naumann K.,2000,9.899185,0.7653571,0,7.909725,0,66.71298,8.83451,2.984,88
192582,Kishimoto S.,2000,2,0,13.2,3.9,0,47.8,1.9,2.86,105
192584,Kishimoto S.,2000,3.403403,0,7.407407,5.305305,0,51.45145,1.701702,2.83,100
192586,Kishimoto S.,2000,4,0,14,4,0,51,0,2.85,102
192587,Kishimoto S.,2000,3,0,11,4,0,54,1,2.82,102
192588,Kishimoto S.,2000,4,0,16,2,0,47,2,2.63,107
192589,Kishimoto S.,2000,4,0,17,6,0,45,0,2.72,103
192592,Kishimoto S.,2000,2,0,17,6,0,48,1,2.69,101
192594,Kishimoto S.,2000,4,0,17,6,0,42,0,2.79,106
192595,Kishimoto S.,2000,5,0,8,5,0,54,0,2.76,100
192596,Kishimoto S.,2000,4,0,10,5,0,65,0,2.71,87
192597,Kishimoto S.,2000,12,0,5,10,0,45,0,2.67,90
193696,Kishimoto S.,2001,6.2,0,11.4,2.1,0,41.9,1.9,2.74,103
193697,Kishimoto S.,2001,12,0,5,10,0,46,0,2.67,90
194224,Kurachi J.,2000,7.5,0,4.5,4.6,0,57,2.6,2.73,95
194231,Kurachi J.,2000,5.305305,0,6.306306,2.002002,0,60.46046,2.202202,2.57,93.9
194240,Koyama A.,1999,10,0,8,3,0,47,5,2.74,107
194242,Koyama A.,1999,6,0,6.5,4,0,48.5,5,2.86,104
194243,Koyama A.,1999,2.5,0,12,2,0,55.5,5,2.82,102
194245,Koyama A.,1999,11,0,3,5,0,65,0,2.74,89
194246,Koyama A.,1999,10,0,6,10,0,45,0,2.65,90
195165,Koyama A.,1999,5.00075,0,0,7.00105,0,54.90824,5.00075,2.76,92
195167,Koyama A.,1999,4.00124,0,19.80614,8.002481,0,45.01395,0,2.73,91
195170,Koyama A.,1999,4.50081,0,3.00054,4.200756,0,54.90988,0,2.58,91
195172,Koyama A.,1999,4.5,0.1,3,4.2,0,58.2,0,2.58,91
197687,Koike A.,2002,6,0,0,7,0,30,7,3.79,107
197688,Koike A.,2002,5,0,0,6,0,30,0,3.65,112
197691,Koike A.,2002,5,0,0,6,0,30,0,3.59,113
197692,Koike A.,2002,7.5,0,0,15,0,30,0,3.29,102
197693,Koike A.,2002,7.5,0,0,5,0,30,0,3.73,107
197694,Koike A.,2002,5,0,5,8,0,30,0,3.52,109
197695,Koike A.,2002,6,0,2,7,0,30,3,3.75,105
197696,Koike A.,2002,6,0,0,4,0,33,3,3.75,108
197699,Koike A.,2002,6,4,0,7,0,30,3,3.62,96
197700,Koike A.,2002,6,0,0,7,0,30,3,3.82,101
197701,Koike A.,2002,2,4,0,7,0,30,3,3.66,96
197704,Koike A.,2002,8.808809,2.502503,0,2.502503,0,32.53253,3.503504,3.67,104
197705,Koike A.,2002,6.693306,0,0,9.99001,0,41.95804,0,3.41,100
197712,Koike A.,2002,8,0,0,2,0,32,7,3.8,111
197713,Koike A.,2002,4,0,0,3,0,34,7,3.77,109
197715,Koike A.,2002,11,0,0,10,0,42,0,3.27,99
197716,Koike A.,2002,4.5,0,0,10,0,42,0,3.39,99
197717,Koike A.,2002,4.5,0,0,10,0,42,0,3.49,97
197732,Koike A.,2002,2.5,8.5,0,12,0,34,3,3.24,84
197736,Koike A.,2002,2.5,8.5,0,12,0,34,3,3.24,85
197737,Koike A.,2002,4.5,4.5,0,18,0,40,0,3.06,84
197738,Koike A.,2002,4.5,4,0,18,0,39,0,3.06,87
197739,Koike A.,2002,5.5,1.5,0,19,0,37.5,0,3.1,92
197740,Koike A.,2002,5,3,0,18,0,38,0,3.08,89
197741,Koike A.,2002,5,2,0,18.5,0,38.5,0,3.09,90
197742,Koike A.,2002,5,2,0,18.5,0,39,0,3.05,91
197788,Muramoto T.,2002,2.251786,0,0,11.20556,0,68.30263,1.537146,2.56,77
198373,Mackenzie J.D.,1984,32.51139,1.988833,0.4617348,2.772423,0,56.32966,0,2.74,53
198374,Mackenzie J.D.,1984,41.78079,1.715843,0.3949362,2.390437,0,48.59285,0,2.8,58.6
198379,Mackenzie J.D.,1984,18.59298,1.808253,5.919638,2.162182,0,64.07602,0,2.57,35.1
198381,Mackenzie J.D.,1984,3.519359,0,0,17.51338,0,66.78809,11.21136,2.74,53
307615,Inaba S.,2001,20,0,0,20,0,60,0,2.7,79.2
308088,Rajendran V.,2002,27.99898,0,0,25.33296,2.602691,44.06536,0,2.835,83.5
308089,Rajendran V.,2002,26.91226,0,0,24.34971,2.603782,46.13424,0,2.797,83.9
308090,Rajendran V.,2002,24.19146,0,0,21.88799,2.606513,51.31404,0,2.732,81.3
308091,Rajendran V.,2002,21.46494,0,0,19.42109,2.60925,56.50472,0,2.678,76.7
310647,Boyd D.C.,1980,5.294941,1.260888,0,7.665225,0,59.30199,0,2.58,70
310676,Boyd D.C.,1980,15.0529,0.3200499,4.487959,7.782623,0,65.22776,0,2.61,70
360783,Hachitani Y.,2001,12.5,1.3,0,2,0,45,1,3.1,110
360784,Hachitani Y.,2001,6,0,6,6,0,51,3,2.8,103
360787,Hachitani Y.,2001,10,2,9,3,0,42.8,2,2.9,114
360788,Hachitani Y.,2001,13,0,11.8,2,0,46,2,2.9,113
361048,Zimmer J.,2003,4.036926,6.50E-02,2.428871,9.87172,0,64.45842,0,2.51,82
361058,Wolff S.,2003,7.300218,0,14.27887,13.49738,0,58.06186,1.444458,2.7,80
361059,Wolff S.,2003,3.49691,4.835158,6.277955,10.30832,0,63.37911,0.5646929,2.74,85
361625,Wolff S.,2002,9.747306,0,10.84951,4.409591,0,58.85938,0,2.62,94
362216,Zou X.,1998,16,5,0,7,0,52,0,2.6,91
359744,Schrimpf C.,1984,10.55075,0,0,16.8812,0,69.81431,0,2.529,81.8
359747,Schrimpf C.,1984,10.61571,0,0,16.98514,0,69.32059,0,2.526,82.4
364508,Zou Xuelu,2004,13,5,0,4,0,63,4,2.79,82.7
364509,Zou Xuelu,2004,13,5,0,5,0,63,4,2.78,82.3
364510,Zou Xuelu,2004,12,5,0,5,0,63,4,2.78,82.3
364511,Zou Xuelu,2004,13,6,0,4,0,65,4,2.76,81.5
364512,Zou Xuelu,2004,12,6,0,4,0,65,4,2.77,79.9
365522,Choju K.,2004,2.541374,5.295318,3.535933,5.173624,0,65.82009,2.602243,2.82,76.1
365523,Choju K.,2004,6.113566,4.731441,3.402436,4.978298,0,66.18803,1.669332,2.76,75.9
365742,Kurachi J.,2004,8.688545,4.299241,5.023909,10.00521,0,64.9783,0,2.5,75
365743,Kurachi J.,2004,8.739918,3.970793,3.040064,9.988695,0,65.25656,0,2.6,77
365744,Kurachi J.,2004,9.212311,4.012928,5.001959,9.961495,0,65.32352,0,2.5,76
365745,Kurachi J.,2004,6.82386,0,5.136291,14.27129,0,64.94079,0.1527279,2.5,76
365746,Kurachi J.,2004,8.537345,1.287569,3.167575,9.990265,0,67.46246,0.5180341,2.6,77
365747,Kurachi J.,2004,6.647536,0,4.932815,13.93375,0,67.52266,0.504204,2.5,76
365748,Kurachi J.,2004,6.629399,0,4.919356,13.89573,0,67.33842,0,2.5,76
365749,Kurachi J.,2004,6.664063,1.47933,5.028893,10.01514,0,67.78365,0,2.5,77
365750,Kurachi J.,2004,4.72317,1.472863,7.040966,9.971354,0,67.80219,0,2.5,77
365751,Kurachi J.,2004,6.753899,4.020777,4.937415,10.04657,0,65.27856,0,2.6,75
365752,Kurachi J.,2004,4.672108,4.002547,6.976171,10.00102,0,65.30167,0,2.5,76
365753,Kurachi J.,2004,6.726731,0,4.991581,13.08538,0,66.23436,0,2.6,77
365754,Kurachi J.,2004,6.721874,0,5.059526,13.95829,0,67.77551,0,2.5,75
365755,Kurachi J.,2004,6.71976,0,5.057935,12.9572,0,68.78234,0,2.5,74
365756,Kurachi J.,2004,7.18641,0,4.460998,14.00459,0,67.69074,0.1509443,2.5,76
365757,Kurachi J.,2004,6.232166,0,4.490394,13.99618,0,67.61746,0.1519389,2.5,75
365758,Kurachi J.,2004,6.661987,0,5.01445,11.95647,0,67.68134,0.149105,2.5,76
365759,Kurachi J.,2004,6.706301,0,4.894841,13.92596,0,68.33675,0.1500968,2.5,76
365760,Kurachi J.,2004,6.446805,0,4.794172,13.97897,0,67.74178,0.1517521,2.6,75
365761,Kurachi J.,2004,5.921642,4.626972,3.43294,4.688068,0,66.78143,1.628155,2.8,76
380709,Deriano S.,2004,9.274194,0,4.83871,5.443549,0,68.54839,0,2.53,83
366262,Kuriyama N.,2003,16.03086,11.98026,0,12.03559,0,59.95329,0,2.605,71
366263,Kuriyama N.,2003,15.472,10.95895,2.514092,11.03553,0,59.02564,0,2.605,76
366264,Kuriyama N.,2003,15.45948,11.03008,0,10.99777,0,59.03576,0,2.695,72
366265,Kuriyama N.,2003,19.97789,7.99499,0,12.05042,0,59.9767,0,2.627,71
366266,Kuriyama N.,2003,20.00015,10.01239,0,9.973234,0,58.01426,0,2.627,75
366267,Kuriyama N.,2003,19.98721,5.023989,0,14.96958,0,55.03019,0,2.708,73
366268,Kuriyama N.,2003,12.20382,9.576931,8.489869,9.937608,0,57.7782,0,2.594,74
366269,Kuriyama N.,2003,20.04098,9.999912,0,9.957266,0,55.03227,0,2.632,72
366270,Kuriyama N.,2003,15.03161,9.950443,4.994432,10.048,0,58.00126,0,2.605,71
366272,Kuriyama N.,2003,23.99735,8.031908,0,8.004556,0,59.96619,0,2.643,71
366273,Kuriyama N.,2003,19.29993,5.988604,0,10.47733,0,54.5844,0,2.615,77
366274,Kuriyama N.,2003,15.04449,9.975815,0,9.959985,0,57.99132,0,2.784,69
366292,Kuriyama N.,2004,11.24368,10.99673,2.71373,11.00352,0,59.00117,0,2.66,73
366296,Kuriyama N.,2004,2.997324,10.02002,0,13.03809,0,61.97402,0,2.53,73
366297,Kuriyama N.,2004,3.011932,3.519757,0,19.88343,0,61.53124,0,2.55,73
366298,Kuriyama N.,2004,8.843266,2.998842,2.024717,22.07933,0,60.07314,0,2.63,74
366299,Kuriyama N.,2004,19.97907,9.799097,0,10.27085,0,57.95312,0,2.64,76.2
366301,Kuriyama N.,2004,9.969884,10.0207,0,9.957769,0,60.05963,0,2.97,72
366302,Kuriyama N.,2004,11.46583,9.897579,2.552472,10.58155,0,58.9636,0,2.66,73.1
366303,Kuriyama N.,2004,15.9602,9.636309,0,10.44632,0,53.8786,0,2.62,82
366304,Kuriyama N.,2004,8.565355,1.290933,0,30.41051,0,51.6078,0.3453927,2.69,78
366305,Kuriyama N.,2004,9.667613,4.405359,0,14.14651,0,59.03872,0,2.58,74
381525,Sakai M.,2002,5,6,4,8,0,64,0,3.044,67.5
366987,Ito N.,2005,7.07343,0,3.633819,12.20906,0,68.15002,4.95E-02,2.51,75.5
366989,Ito N.,2005,3.580686,0,0,11.33909,0,69.55325,0,2.43,75.5
367102,Kurachi J.,2005,6.969009,0.1338335,3.440626,13.83127,0,67.66529,1.534608,2.53,77
367103,Kurachi J.,2005,3.623506,0.1348231,6.774588,14.85562,0,63.93832,1.545956,2.56,78
367104,Kurachi J.,2005,6.794649,1.213511,4.411733,13.2175,0,65.00066,1.030724,2.53,78
367105,Kurachi J.,2005,4.211542,1.21974,5.859715,13.28534,0,65.33432,1.036015,2.62,80
367106,Kurachi J.,2005,7.232607,0,4.489675,14.49732,0,66.46429,1.012764,2.53,77
367107,Kurachi J.,2005,7.234998,0,4.561334,14.01273,0,65.20393,2.520875,2.57,79
367108,Kurachi J.,2005,5.921642,4.626972,3.43294,4.688068,0,66.78143,1.628155,2.8,76
367109,Kurachi J.,2005,6.664063,1.47933,5.028893,10.01514,0,67.78365,0,2.5,77
367110,Kurachi J.,2005,6.726731,0,4.991581,13.08538,0,66.23436,0,2.6,77
367979,Tsuji A.,2005,2.006967,19.50549,0,4.999103,0,61.49722,0,2.63,71
367984,Tsuji A.,2005,2.004629,3.003414,0,21.46272,0,61.53329,0,2.66,76
368469,Brix P.,1998,4.981258,9.637797,0,3.380213,0,67.17904,2.49361,2.592,71
368470,Brix P.,1998,3.126001,8.355475,0,3.636448,0,65.49567,2.641991,2.698,73
390221,Monteiro R.C.C.,2006,17.40166,1.479954,3.458822,6.747731,2.700814,60.32439,0,2.69,78.5
383705,Begum A.N.,2006,23.9143,7.118412,7.562065,5.901059,0.8588836,53.76971,0,2.719,83
383772,Ji Hui,2005,4.990422,0,0,11.01987,0.1366417,52.43283,1.489699,2.75,71.1
376418,Matzke Hj.,1993,5.029532,0,0,11.10624,0.1377126,52.84375,1.501374,2.75,84
376419,Matzke Hj.,1993,4.215313,0,3.12798,16.46074,0,55.10165,1.084282,2.83,81.7
387221,Volf M.B.,1961,3.945674,3.288551,1.490089,23.05182,0,61.65632,0,2.52,79.8
387222,Volf M.B.,1961,4.520147,12.02525,0,4.728768,0,61.03942,0,3.16,48
401405,Tsuzuki T.,2005,8.177789,7.002574,7.793246,4.054308,0,68.3782,0.9686422,2.539,75
401406,Tsuzuki T.,2005,8.673161,7.01688,8.663755,4.024264,0,67.45637,0.5060338,2.533,75
401407,Tsuzuki T.,2005,8.717892,7.029486,9.672981,3.993816,0,67.04899,0.5022051,2.524,75
401409,Tsuzuki T.,2005,7.785613,7.217331,9.130239,3.824037,0,68.20041,0.7086301,2.534,74
401410,Tsuzuki T.,2005,8.909497,6.762679,8.67734,4.030574,0,67.77002,1.11502,2.556,75
401412,Tsuzuki T.,2005,6.182641,4.858513,2.924747,5.034545,0,66.58965,1.688193,2.762,77
401413,Tsuzuki T.,2005,9.203029,5.990165,4.951114,4.773992,0,62.64461,2.010337,2.741,79
401414,Tsuzuki T.,2005,2.81551,4.876068,2.136737,5.905385,0,66.1715,2.795583,2.843,79
401738,Ikenishi M.,2002,10,5,8,5,0,40,0,2.478,72.7
401739,Ikenishi M.,2002,10,0,10,5,0,45,0,2.547,87.9
401740,Ikenishi M.,2002,5,5,10,5,0,45,0,2.424,68.8
401741,Ikenishi M.,2002,10,5,10,5,0,50,0,2.518,76.6
401742,Ikenishi M.,2002,10,0,10,5,0,50,0,2.54,88.5
401746,Ikenishi M.,2002,5,5,8,5,0,55,0,2.439,72
401753,Ikenishi M.,2002,5,5,5,5,0,60,0,2.419,70.6
401763,Ikenishi M.,2002,5,5,5,10,0,65,0,2.483,74.9
401764,Ikenishi M.,2002,3,5,5,10,0,65,0,2.473,76.7
401765,Ikenishi M.,2002,3,5,5,12,0,65,0,2.477,74
401766,Ikenishi M.,2002,5,2,5,11,0,65,0,2.485,78.9
401767,Ikenishi M.,2002,5,4,5,9,0,65,0,2.482,78.2
401768,Ikenishi M.,2002,5,6,5,7,0,65,0,2.477,77.1
401769,Ikenishi M.,2002,5,2,5,9,0,65,0,2.478,80.7
401770,Ikenishi M.,2002,5,4,5,7,0,65,0,2.474,79.8
401771,Ikenishi M.,2002,5,6,5,5,0,65,0,2.469,78.6
401772,Ikenishi M.,2002,5,2,5,7,0,65,0,2.47,82.3
401773,Ikenishi M.,2002,5,4,5,5,0,65,0,2.465,81.1
401774,Ikenishi M.,2002,5,6,5,3,0,65,0,2.46,79.5
401775,Ikenishi M.,2002,5,2,5,5,0,65,0,2.464,83.6
401776,Ikenishi M.,2002,5,4,5,3,0,65,0,2.458,82.1
401778,Ikenishi M.,2002,5,4,5,11,0,65,0,2.485,75.2
401781,Ikenishi M.,2002,3,5,5,10,0,65,0,2.462,71.9
401784,Ikenishi M.,2002,5,5,5,10,0,65,0,2.486,76.1
401785,Ikenishi M.,2002,5,5,5,10,0,65,0,2.493,78.4
401816,Ikenishi M.,2002,8.0008,6.750676,6.960697,4.930493,0,69.947,0.6600661,2.49,80.3
402064,Tachiwana K.,1999,2.202232,0,3.830086,8.966425,0,67.8272,0.7516595,2.52,78.4
402066,Tachiwana K.,1999,2.015781,0,5.6093,14.59073,0,56.44057,0,2.55,67.1
387815,Boccaccini A.R.,1994,4.534319,0,3.231342,17.51096,0,58.52456,0,2.57,74.8
393385,Okafor I.C.I.,1982,3.649983,3.949544,0,7.248745,0,57.41896,0,2.55,75.8
394629,Lin Chung-Chern,2006,14.26986,0.7019929,15.30485,3.503965,0.1939981,41.99958,0,2.923,97
394630,Lin Chung-Chern,2006,11.728,0.577,12.58,2.88,0.159,52.33,0,2.881,95
394631,Lin Chung-Chern,2006,9.595,0.472,10.292,2.356,0.13,61,0,2.682,89
405999,Kurachi J.,2000,3,0,6.9,4,0,55.3,1.5,2.78,96.4
406000,Kurachi J.,2000,9.090908,9.09E-02,0,10.36364,0,54.45454,1.363636,2.79,94.3
406141,Choju K.,2003,2.935982,5.378058,15.71142,2.452082,0,63.1297,0.513898,2.6,79
406142,Choju K.,2003,3.109656,4.958736,14.98861,3.014528,0,65.9232,0.5054185,2.59,79
406148,Choju K.,2003,2.538146,5.288592,2.648581,4.822582,0,67.63158,2.541184,2.8,75
406886,Kamimura Y.,2003,2.99934,0,0,5.99868,0,69.9846,0,2.35,70
407112,Wolff S.,2002,8.224474,0,14.19523,13.2814,0,59.07606,0,2.69,82
407113,Wolff S.,2002,3.466154,4.792633,7.15615,10.72348,0,62.82169,0,2.73,85
421157,Verne E.,2001,25,0,0,25,0,50,0,2.72,77
399964,Terai R.,1979,5.71856,0,0,12.50395,0,42.36403,1.030139,2.07,83.1
399965,Terai R.,1979,6.001309,0,0,13.41498,0,44.80875,1.124584,2.74,78.4
399966,Terai R.,1979,3.666504,0,5.101378,10.06273,0,45.62656,1.390489,2.74,81.9
399967,Terai R.,1979,3.290393,0,0,12.25186,0,50.90713,1.267051,2.68,80
399968,Terai R.,1979,3.46082,0,0,13.53163,0,53.06469,1.406235,2.73,79.7
416203,Tanaka T.,2002,4.82427,0,0,13.40651,0,64.85815,0.6272784,2.5,81.5
407751,Berthereau A.,2008,6.82731,3.915663,0,7.931727,0,68.47389,8.935743,2.73,88.6
407754,Berthereau A.,2008,5.72289,3.915662,0,9.839356,0,69.57831,8.935741,2.72,86.8
407757,Berthereau A.,2008,6.920763,3.911735,0,8.82648,0,69.40823,8.926781,2.73,87.1
407758,Berthereau A.,2008,8.024074,3.510532,0,8.024074,0,69.30793,8.926782,2.74,88.3
407764,Berthereau A.,2008,6.82731,0,0,15.76305,0,68.47389,8.935742,2.72,79.3
408673,Murata T.,2008,2.541374,5.295318,3.535933,5.173624,0,65.82009,2.602243,2.82,77
408822,Sugimoto A.,2002,3.803804,5.805806,0,4.204205,0,62.76277,0,2.57,82
408823,Sugimoto A.,2002,5.1,5.5,0,3.9,0,62.7,0,2.57,83
408827,Sugimoto A.,2002,2.8,6.6,0,4.4,0,53.2,0,2.59,86
408829,Sugimoto A.,2002,2,6.8,0,5.2,0,62,0,2.45,78
408839,Sugimoto A.,2002,6.4,5.3,0,3.7,0,62.7,0,2.58,83
409948,Murata T.,2007,2.550108,5.313517,3.548084,4.614581,0,66.04628,2.611187,2.82,77
426858,Berthereau A.,2009,17.68344,0.6358846,4.623531,7.731372,0,51.50628,0,2.62,88.4
427387,Lalande J.,2008,13.65118,0.126983,7.419344,5.403708,0,69.77583,0,2.52,31.9
427389,Lalande J.,2008,18.70871,0.1942639,5.296865,4.723897,0,65.27596,0,2.57,33.3
427390,Lalande J.,2008,18.05309,1.75868,5.328084,3.068831,0,66.3755,0,2.57,32.1
427391,Lalande J.,2008,18.29616,1.500122,5.030287,3.271155,0,66.36132,0,2.55,32.2
427392,Lalande J.,2008,18.05665,2.019624,5.785919,2.970423,0,65.67365,0,2.56,32.1
427393,Lalande J.,2008,18.48897,1.497991,5.47979,3.761433,0,65.5523,0,2.58,31.8
427394,Lalande J.,2008,18.27406,0.1942685,5.145648,4.822426,0,65.88663,0,2.58,32.3